<?xml version="1.0" encoding="UTF-8"?>
<!DOCTYPE module PUBLIC "-//Google Inc.//DTD Google Web Toolkit 2.6.0//EN"
  "http://google-web-toolkit.googlecode.com/svn/tags/2.6.0/distro-source/core/src/gwt-module.dtd">
<module rename-to='sparkdatawf'>
	<inherits name='com.google.gwt.user.User' />
	<inherits name='com.google.gwt.user.theme.clean.Clean' />
	<inherits name='com.orange.links.Links' />
	<inherits name='com.google.gwt.widgetideas.WidgetIdeas' />
	<inherits name='com.google.gwt.libideas.LibIdeas' />
	<inherits name='com.google.gwt.json.JSON' />
	<inherits name="com.google.gwt.http.HTTP" />

	<!-- Specify the app entry point class. -->
	<entry-point class='com.gb.wf.client.SparkDataWF' />

	<!-- Specify the paths for translatable code -->
	<source path='client' />
	<source path='shared' />

	<!-- allow Super Dev Mode -->
	<add-linker name="xsiframe" />
</module>
